NAME,TIME

Nam Test,18:17-44
Nam Test,18:18-28
Nam Test,18:18-28
Nam Test,18:18-47
HN,18:26-16
HN,18:26-16
HN,18:26-16
HN,18:26-16
HN,18:26-16
HN,18:26-17
HN,18:26-17
HN,18:26-17
HN,18:26-17
HN,18:26-17
HN,18:26-17
HN,18:26-17
HN,18:26-17
HN,18:26-17
HN,18:26-17
HN,18:26-17
HN,18:26-17
HN,18:26-17
HN,18:26-17
HN,18:26-17
HN,18:26-17
HN,18:26-17
Nam Test,18:26-17
Nam Test,18:26-17
Nam Test,18:26-17
Nam Test,18:26-17
Nam Test,18:26-17
Nam Test,18:26-17
Nam Test,18:26-17
Nam Test,18:26-17
Nam Test,18:26-17
Nam Test,18:26-17
Nam Test,18:26-17
Nam Test,18:26-17
Nam Test,18:26-18
Nam Test,18:26-18
Nam Test,18:26-18
Nam Test,18:26-18
Nam Test,18:26-18
Nam Test,18:26-18
Nam Test,18:26-18
Nam Test,18:26-18
HN,18:26-18
HN,18:26-18
Nam Test,18:26-18
Nam Test,18:26-18
HN,18:26-18
HN,18:26-18
HN,18:26-18
HN,18:26-18
HN,18:26-18
HN,18:26-18
HN,18:26-18
HN,18:26-18
HN,18:26-18
HN,18:26-18
HN,18:26-18
HN,18:26-18
HN,18:26-18
HN,18:26-18
HN,18:26-18
HN,18:26-18
HN,18:26-18
HN,18:26-18
HN,18:26-18
HN,18:26-19
HN,18:26-19
HN,18:26-19
HN,18:26-19
HN,18:26-19
HN,18:26-19
HN,18:26-19
HN,18:26-19
HN,18:26-19
HN,18:26-19
HN,18:26-19
HN,18:26-19
HN,18:26-19
HN,18:26-19
HN,18:26-19
HN,18:26-19
HN,18:26-19
HN,18:26-19
HN,18:26-19
HN,18:26-19
HN,18:26-19
HN,18:26-19
HN,18:26-19
HN,18:26-19
Nam Test,18:26-19
Nam Test,18:26-19
Nam Test,18:26-19
Nam Test,18:26-19
Nam Test,18:26-19
HN,18:26-20
HN,18:26-20
HN,18:26-20
HN,18:26-20
HN,18:26-20
HN,18:26-20
HN,18:26-20
HN,18:26-20
Nam Test,18:26-20
Nam Test,18:26-20
Nam Test,18:26-20
Nam Test,18:26-20
Nam Test,18:26-20
Nam Test,18:26-20
Nam Test,18:26-20
Nam Test,18:26-20
Nam Test,18:26-20
HN,18:26-20
HN,18:26-20
Nam Test,18:26-20
HN,18:26-20
HN,18:26-20
HN,18:26-20
HN,18:26-20
HN,18:26-20
HN,18:26-20
HN,18:26-20
Nam Test,18:26-20
Nam Test,18:26-20
Nam Test,18:26-20
Nam Test,18:26-20
HN,18:26-21
HN,18:26-21
HN,18:26-21
HN,18:26-21
HN,18:26-21
HN,18:26-21
HN,18:26-21
HN,18:26-21
HN,18:26-21
HN,18:26-21
HN,18:26-22
HN,18:26-22
HN,18:26-22
HN,18:26-22
HN,18:26-22
HN,18:26-22
HN,18:26-22
HN,18:26-22
HN,18:26-22
HN,18:26-22
HN,18:26-22
HN,18:26-22
HN,18:26-22
HN,18:26-22
HN,18:26-22
HN,18:26-22
HN,18:26-22
HN,18:26-22
HN,18:26-22
HN,18:26-22
HN,18:26-22
HN,18:26-22
Nam Test,18:26-22
Nam Test,18:26-22
Nam Test,18:26-22
Nam Test,18:26-22
HN,18:26-22
HN,18:26-23
HN,18:26-23
HN,18:26-23
HN,18:26-23
HN,18:26-23
HN,18:26-23
HN,18:26-23
HN,18:26-23
HN,18:26-23
HN,18:26-23
HN,18:26-23
HN,18:26-23
HN,18:26-23
HN,18:26-23
HN,18:26-23
HN,18:26-23
HN,18:26-23
HN,18:26-23
HN,18:26-23
HN,18:26-23
HN,18:26-23
HN,18:26-23
HN,18:26-23
HN,18:26-23
HN,18:26-23
HN,18:26-23
HN,18:26-23
HN,18:26-23
HN,18:26-23
HN,18:26-23
HN,18:26-24
HN,18:26-24
HN,18:26-24
HN,18:26-24
HN,18:26-24
HN,18:26-24
HN,18:26-24
HN,18:26-24
HN,18:26-24
HN,18:26-24
HN,18:26-24
HN,18:26-24
HN,18:26-24
Nam Test,18:26-24
Nam Test,18:26-24
HN,18:26-24
HN,18:26-24
HN,18:26-24
HN,18:26-24
HN,18:26-24
HN,18:26-24
Nam Test,18:26-24
Nam Test,18:26-24
HN,18:26-24
HN,18:26-24
Nam Test,18:26-24
Nam Test,18:26-24
HN,18:26-24
HN,18:26-24
Nam Test,18:26-24
Nam Test,18:26-24
HN,18:26-25
HN,18:26-25
HN,18:26-25
HN,18:26-25
HN,18:26-25
HN,18:26-25
HN,18:26-25
HN,18:26-25
HN,18:26-25
HN,18:26-25
Nam Test,18:26-25
Nam Test,18:26-25
Nam Test,18:26-25
Nam Test,18:26-25
HN,18:26-25
HN,18:26-25
Nam Test,18:26-25
Nam Test,18:26-25
Nam Test,18:26-25
Nam Test,18:26-25
Nam Test,18:26-25
Nam Test,18:26-25
HN,18:26-25
HN,18:26-25
HN,18:26-25
HN,18:26-25
HN,18:26-25
HN,18:26-25
HN,18:26-25
HN,18:26-25
HN,18:26-26
HN,18:26-26
HN,18:26-26
HN,18:26-26
HN,18:26-26
HN,18:26-26
HN,18:26-26
HN,18:26-26
HN,18:26-26
HN,18:26-26
HN,18:26-26
HN,18:26-26
Nam Test,18:26-26
Nam Test,18:26-26
Nam Test,18:26-26
Nam Test,18:26-26
HN,18:26-26
HN,18:26-26
HN,18:26-26
HN,18:26-26
HN,18:26-26
HN,18:26-26
HN,18:26-26
HN,18:26-26
Nam Test,18:26-26
Nam Test,18:26-26
HN,18:26-26
HN,18:26-26
Nam Test,18:26-26
Nam Test,18:26-26
HN,18:26-27
HN,18:26-27
Nam Test,18:26-27
Nam Test,18:26-27
Nam Test,18:26-27
Nam Test,18:26-27
Nam Test,18:26-27
Nam Test,18:26-27
Nam Test,18:26-27
Nam Test,18:26-27
Nam Test,18:26-27
Nam Test,18:26-27
Nam Test,18:26-27
Nam Test,18:26-27
HN,18:26-27
HN,18:26-27
HN,18:26-27
HN,18:26-27
Nam Test,18:26-27
Nam Test,18:26-27
Nam Test,18:26-27
Nam Test,18:26-27
Nam Test,18:26-27
Nam Test,18:26-27
Nam Test,18:26-27
Nam Test,18:26-27
Nam Test,18:26-27
Nam Test,18:26-27
Nam Test,18:26-27
Nam Test,18:26-28
Nam Test,18:26-28
Nam Test,18:26-28
Nam Test,18:26-28
Nam Test,18:26-28
Nam Test,18:26-28
Nam Test,18:26-28
Nam Test,18:26-28
Nam Test,18:26-28
Nam Test,18:26-28
Nam Test,18:26-28
Nam Test,18:26-28
Nam Test,18:26-28
Nam Test,18:26-28
Nam Test,18:26-28
Nam Test,18:26-28
Nam Test,18:26-28
Nam Test,18:26-28
Nam Test,18:26-28
Nam Test,18:26-28
Nam Test,18:26-28
Nam Test,18:26-28
Nam Test,18:26-28
Nam Test,18:26-28
Nam Test,18:26-28
Nam Test,18:26-28
Nam Test,18:26-28
Nam Test,18:26-28
Nam Test,18:26-28
HN,18:26-28
HN,18:26-28
HN,18:26-29
HN,18:26-29
HN,18:26-29
HN,18:26-29
HN,18:26-29
HN,18:26-29
HN,18:26-29
HN,18:26-29
HN,18:26-29
HN,18:26-29
HN,18:26-29
HN,18:26-29
HN,18:26-29
HN,18:26-30
HN,18:26-30
HN,18:26-30
HN,18:26-30
HN,18:26-30
HN,18:26-30
HN,18:26-30
HN,18:26-30
HN,18:26-30
HN,18:26-30
HN,18:26-30
HN,18:26-30
HN,18:26-30
HN,18:26-30
HN,18:26-30
HN,18:26-30
HN,18:26-30
HN,18:26-30
HN,18:26-30
HN,18:26-30
HN,18:26-30
HN,18:26-30
HN,18:26-30
HN,18:26-30
HN,18:26-30
HN,18:26-30
HN,18:26-30
HN,18:26-30
HN,18:26-30
HN,18:26-30
HN,18:26-31
HN,18:26-31
HN,18:26-31
HN,18:26-31
HN,18:26-31
HN,18:26-31
HN,18:26-31
HN,18:26-31
HN,18:26-31
HN,18:26-31
HN,18:26-31
HN,18:26-31
HN,18:26-31
HN,18:26-31
HN,18:26-31
HN,18:26-31
HN,18:26-31
HN,18:26-31
HN,18:26-31
HN,18:26-31
HN,18:26-31
HN,18:26-31
HN,18:26-31
HN,18:26-31
HN,18:26-31
HN,18:26-31
HN,18:26-31
HN,18:26-31
HN,18:26-31
HN,18:26-31
HN,18:26-31
HN,18:26-32
HN,18:26-32
HN,18:26-32
HN,18:26-32
HN,18:26-32
HN,18:26-32
HN,18:26-32
HN,18:26-32
HN,18:26-32
HN,18:26-32
HN,18:26-32
HN,18:26-32
HN,18:26-32
HN,18:26-32
Nam Test,18:26-32
HN,18:26-32
HN,18:26-32
HN,18:26-32
HN,18:26-32
HN,18:26-32
HN,18:26-32
HN,18:26-32
HN,18:26-32
HN,18:26-32
HN,18:26-32
Nam Test,18:26-32
HN,18:26-32
HN,18:26-32
HN,18:26-32
Nam Test,18:26-32
HN,18:26-32
Nam Test,18:26-33
HN,18:26-33
HN,18:26-33
HN,18:26-33
HN,18:26-33
Nam Test,18:26-33
Nam Test,18:26-34
Nam Test,18:26-35
Nam Test,18:26-35
Nam Test,18:26-36
Nam Test,18:26-37
HN,18:26-37
HN,18:26-37
Nam Test,18:26-37
HN,18:26-37
Nam Test,18:26-37
HN,18:26-37
HN,18:26-37
HN,18:26-37
HN,18:26-37
HN,18:26-37
HN,18:26-37
HN,18:26-37
HN,18:26-37
HN,18:26-37
HN,18:26-37
HN,18:26-37
HN,18:26-37
HN,18:26-37
Nam Test,18:26-45
Nam Test,18:26-45
Nam Test,18:26-45
Nam Test,18:26-45
HN,18:26-45
HN,18:26-45
HN,18:26-45
HN,18:26-45
HN,18:26-45
HN,18:26-45
HN,18:26-45
HN,18:26-46
HN,18:26-46
HN,18:26-46
HN,18:26-46
HN,18:26-46
HN,18:26-46
HN,18:26-46
HN,18:26-46
HN,18:26-46
HN,18:26-46
HN,18:26-46
HN,18:26-46
HN,18:26-46
HN,18:26-46
HN,18:26-46
HN,18:26-46
HN,18:26-46
Nam Test,18:26-46
Nam Test,18:26-46
Nam Test,18:26-46
Nam Test,18:26-47
Nam Test,18:26-47
Nam Test,18:26-47
Nam Test,18:26-47
Nam Test,18:26-47
Nam Test,18:26-47
Nam Test,18:26-47
Nam Test,18:26-47
Nam Test,18:26-47
Nam Test,18:26-47
Nam Test,18:26-47
Nam Test,18:26-48
Nam Test,18:26-48
Nam Test,18:26-48
Nam Test,18:26-48
Nam Test,18:26-48
Nam Test,18:26-48
Nam Test,18:26-48
Nam Test,18:26-48
Nam Test,18:26-48
Nam Test,18:26-48
Nam Test,18:26-48
Nam Test,18:26-48
Nam Test,18:26-48
Nam Test,18:26-48
Nam Test,18:26-48
Nam Test,18:26-48
Nam Test,18:26-48
Nam Test,18:26-49
HN,18:26-49
Nam Test,18:26-49
Nam Test,18:26-49
Nam Test,18:26-49
Nam Test,18:26-49
Nam Test,18:26-49
Nam Test,18:26-49
Nam Test,18:26-49
Nam Test,18:26-49
Nam Test,18:26-49
Nam Test,18:26-49
Nam Test,18:26-49
Nam Test,18:26-49
Nam Test,18:26-49
Nam Test,18:26-49
Nam Test,18:26-49
Nam Test,18:26-49
Nam Test,18:26-49
Nam Test,18:26-49
Nam Test,18:26-49
Nam Test,18:26-49
Nam Test,18:26-49
Nam Test,18:26-49
Nam Test,18:26-49
Nam Test,18:26-49
Nam Test,18:26-49
Nam Test,18:26-49
Nam Test,18:26-49
Nam Test,18:26-49
Nam Test,18:26-50
Nam Test,18:26-50
Nam Test,18:26-50
Nam Test,18:26-50
Nam Test,18:26-50
Nam Test,18:26-50
Nam Test,18:26-50
Nam Test,18:26-50
HN,18:26-50
HN,18:26-50
HN,18:26-50
Nam Test,18:26-50
Nam Test,18:26-50
Nam Test,18:26-50
Nam Test,18:26-50
Nam Test,18:26-50
Nam Test,18:26-50
Nam Test,18:26-50
Nam Test,18:26-50
Nam Test,18:26-50
Nam Test,18:26-50
Nam Test,18:26-50
Nam Test,18:26-50
Nam Test,18:26-50
Nam Test,18:26-50
Nam Test,18:26-50
Nam Test,18:26-50
Nam Test,18:26-50
Nam Test,18:26-50
Nam Test,18:26-51
Nam Test,18:26-51
Nam Test,18:26-51
Nam Test,18:26-51
Nam Test,18:26-51
Nam Test,18:26-51
Nam Test,18:26-51
Nam Test,18:26-51
Nam Test,18:26-51
Nam Test,18:26-51
Nam Test,18:26-51
Nam Test,18:26-51
Nam Test,18:26-51
Nam Test,18:26-51
Nam Test,18:26-51
Nam Test,18:26-51
Nam Test,18:26-51
Nam Test,18:26-51
Nam Test,18:26-51
Nam Test,18:26-51
Nam Test,18:26-51
Nam Test,18:26-51
Nam Test,18:26-51
Nam Test,18:26-51
Nam Test,18:26-51
Nam Test,18:26-51
Nam Test,18:26-51
Nam Test,18:26-51
Nam Test,18:26-51
Nam Test,18:26-51
HN,18:26-52
HN,18:26-52
Nam Test,18:26-52
Nam Test,18:26-52
Nam Test,18:26-52
Nam Test,18:26-52
Nam Test,18:26-52
Nam Test,18:26-52
Nam Test,18:26-52
Nam Test,18:26-52
Nam Test,18:26-52
Nam Test,18:26-52
Nam Test,18:26-52
Nam Test,18:26-52
Nam Test,18:26-52
Nam Test,18:26-53
HN,18:26-53
HN,18:26-53
HN,18:26-53
HN,18:26-53
HN,18:26-53
HN,18:26-53
HN,18:26-53
HN,18:26-53
HN,18:26-53
HN,18:26-53
HN,18:26-53
HN,18:26-53
HN,18:26-53
HN,18:26-53
HN,18:26-53
HN,18:26-53
HN,18:26-53
HN,18:26-53
HN,18:26-53
HN,18:26-53
HN,18:26-53
HN,18:26-53
HN,18:26-53
HN,18:26-53
HN,18:26-53
HN,18:26-53
HN,18:26-53
HN,18:26-53
HN,18:26-53
HN,18:26-54
HN,18:26-54
HN,18:26-54
HN,18:26-54
HN,18:26-54
HN,18:26-54
HN,18:26-54
HN,18:26-54
HN,18:26-54
HN,18:26-54
HN,18:26-54
HN,18:26-54
HN,18:26-54
HN,18:26-54
HN,18:26-54
HN,18:26-54
HN,18:26-54
HN,18:26-54
HN,18:26-54
HN,18:26-54
HN,18:26-54
HN,18:26-54
HN,18:26-54
HN,18:26-54
HN,18:26-54
HN,18:26-54
HN,18:26-54
HN,18:26-54
HN,18:26-54
HN,18:26-54
HN,18:26-55
HN,18:26-55
HN,18:26-55
Nam Test,18:26-55
Hoai Nam,21:25-02
Hoai Nam,21:29-31
Nam,22:34-12
Nam,22:40-05
